{
  "version": 1,
  "author": "Anonymous maker",
  "editor": "wokwi",
  "parts": [
    {
      "type": "wokwi-breadboard-mini",
      "id": "bb1",
      "top": 173.7,
      "left": -92.5,
      "rotate": 90,
      "attrs": {}
    },
    { "type": "board-esp32-devkit-c-v4", "id": "esp", "top": 134.4, "left": 187.24, "attrs": {} },
    {
      "type": "wokwi-dht22",
      "id": "dht1",
      "top": 9.9,
      "left": -149.4,
      "attrs": { "temperature": "47.9" }
    },
    {
      "type": "wokwi-buzzer",
      "id": "bz1",
      "top": 165.6,
      "left": 366.6,
      "attrs": { "volume": "0.1" }
    },
    {
      "type": "wokwi-lcd1602",
      "id": "lcd1",
      "top": -12.8,
      "left": 322.4,
      "attrs": { "pins": "i2c" }
    }
  ],
  "connections": [
    [ "esp:TX", "$serialMonitor:RX", "", [] ],
    [ "esp:RX", "$serialMonitor:TX", "", [] ],
    [ "esp:3V3", "bb1:1b.f", "red", [ "h0" ] ],
    [ "esp:GND.1", "bb1:4t.a", "black", [ "h-124.65", "v-96" ] ],
    [ "dht1:VCC", "bb1:1b.j", "red", [ "v0" ] ],
    [ "dht1:GND", "bb1:4t.e", "black", [ "v0" ] ],
    [ "dht1:SDA", "bb1:17t.e", "green", [ "v0" ] ],
    [ "esp:4", "bb1:17t.a", "green", [ "h-182.4", "v38.4" ] ],
    [ "lcd1:GND", "bb1:4t.b", "black", [ "h-192", "v172.8" ] ],
    [ "esp:5V", "bb1:11t.a", "red", [ "h-105.45", "v-76.8" ] ],
    [ "lcd1:VCC", "bb1:11t.b", "red", [ "h-172.8", "v230.5" ] ],
    [ "esp:21", "lcd1:SDA", "cyan", [ "h9.6", "v-172.8" ] ],
    [ "esp:22", "lcd1:SCL", "magenta", [ "h19.2", "v-134.4" ] ],
    [ "bz1:2", "esp:18", "red", [ "v9.6", "h-96.4", "v-19.2" ] ],
    [ "bz1:1", "esp:GND.2", "black", [ "v0", "h-67.2", "v-67.2" ] ]
  ],
  "dependencies": {}
}